name,login,url,password
Google,mbelova,maria@gmail.com,Maria1995
VK,mbelova,vk.com,Masha1995
Instagram,mbelova,instagram.com,Masha_1995
Mail,maribel,mail.ru,maribelova1995
Yandex,maribelova,ya.ru,MariaB_1995
GitHub,belova,github.com,Belova1995
Amazon,mashabel,amazon.com,MariaBelova1995!
Netflix,mashenka,netflix.com,MariaB95
Twitter,mariab,mariab@gmail.com,Belova95!
WorkMail,mbelova,work.com,MBelova1995
Bank,mb1995,bank.com,MB1995$
Steam,masha.steam,steam.com,mariabelova95
Booking,masha.booking,booking.com,MBelova_1995
Forum,maribel,forum.com,MBelova1995
AliExpress,maribel,aliexpress.com,MariaB_1995!
Shop,mbelova,shop.com,MariaBelova95
Gmail,mbelova,gmail.com,MBelova_1995
Social,maribel,social.com,Masha_1995
Drive,mbelova,drive.com,MashaB_1995!
Games,mbelova,games.com,Belova_1995
OnlineBank,mb1995,onlinebank.com,Maria_Belova1995
NetflixAlt,mariab,netflix.com,MariaB_1995
Sample,masha.sample,sample.com,Masha1995
Sample2,masha.sample,sample2.com,Maria1995
Sample3,maria.sample3,sample3.com,Masha_1995
Market,maribelova,market.com,MBelova_1995
Cloud,mbelova,cloud.com,MariaBelova1995
Notion,maria.belova,notion.so,MBelova1995
Messenger,mbelova,messenger.com,Masha!1995
OK,mbelova,ok.ru,Masha_1995
Facebook,maribel,facebook.com,MBelova_1995
PhoneBackup,maribel,icloud.com,maribelova1995
School,mbelova,edu.kz,Masha_1995
EduPortal,mbelova,eduportal.kz,Maria1995!
Avito,mbelova,avito.ru,MB1995
Games2,maribel,games2.com,Belova95!
Family,mbelova,family.com,MashaBelova1995!
Home,maribelova,home.com,MariaB_1995
Test,mbelova,test.com,Masha1995
Test2,mbelova2,test2.com,Masha1995
Forum2,maribel,forum2.com,MBelova1995
Shop2,mbelova,shop2.com,MariaB_1995
Gmail2,mbelova,gmail2.com,MBelova_1995
Social2,maribel,social2.com,Masha_1995
Drive2,mbelova,drive2.com,MashaB_1995!
Music,mbelova,music.com,MashaBelova95
Photo,mbelova,photo.com,MariaBelova1995!
Finance,mbelova,finance.com,MBelova1995!
Gov,mbelova,gov.kz,Masha_1995
Fitness,mbelova,fitness.com,MashaBelova1995
Travel,mbelova,travel.com,MariaB_1995!
Movie,mbelova,movie.com,Masha_1995
Event,maribel,event.com,MBelova1995
Stream,mbelova,stream.com,MariaBelova1995
Kids,maribel,kids.com,MBelova_1995
Parent,mbelova,parent.com,Masha1995
App,mbelova,app.com,MBelova_1995!
App2,mbelova,app2.com,Masha_1995!
App3,mbelova,app3.com,Masha1995!
App4,mbelova,app4.com,MariaB_1995!
Mail2,maribel,mail2.ru,maribelova1995
Random,mbelova,random.com,Maria1995!
Random2,mbelova,random2.com,MBelova1995
Note,mbelova,note.com,MashaBelova1995!
Secret,mbelova,secret.com,Maria1995!
Secret2,maribel,secret2.com,MariaB_1995!
Fun,mbelova,fun.com,Masha_1995!
Fun2,maribel,fun2.com,MariaB_1995!
Work3,mbelova,work3.com,MBelova1995!
Work4,mbelova,work4.com,Masha_1995!
Test31,mbelova,test31.com,Masha1995!
Test32,mbelova,test32.com,MBelova_1995!
Random3,maribel,random3.com,MBelova1995!
Random4,mbelova,random4.com,Masha_1995!
Extra,mbelova,extra.com,MariaBelova95!
Extra2,mbelova,extra2.com,maribelova1995!
Pass1,mbelova,pass1.com,Maria1995!
Pass2,mbelova,pass2.com,MariaBelova1995!
Password!,mbelova,pw.com,MBelova_1995!
Maria!,mbelova,secret.com,Maria!1995
Maria#1,mbelova,site1.com,Maria#1995
Masha#2,mbelova,site2.com,Masha#1995
Belova#,mbelova,site3.com,Belova#1995
MarBel95,mbelova,site4.com,MarBel95
MBelova!1995,mbelova,site5.com,MBelova!1995
Maria.Belova95,mbelova,site6.com,Maria.Belova95
!Masha1995,mbelova,site7.com,!Masha1995
Maria*1995,mbelova,site8.com,Maria*1995
Mar!1995,mbelova,site9.com,Mar!1995
MBelova_95,mbelova,site10.com,MBelova_95
Belova_95,mbelova,site11.com,Belova_95
M_Belova1995,mbelova,site12.com,M_Belova1995
MBelova1995!,mbelova,site13.com,MBelova1995!
Mariya_1995,mbelova,site14.com,Mariya_1995
MB1995!,mbelova,site15.com,MB1995!
mariaB1995,mbelova,site16.com,mariaB1995
B3lova1995,mbelova,site17.com,B3lova1995
Maria_1995,mbelova,site18.com,Maria_1995
MBelova@1995,mbelova,site19.com,MBelova@1995
MariaBelova_1995,mbelova,site20.com,MariaBelova_1995
Maria-1995,mbelova,site21.com,Maria-1995
Maria+1995,mbelova,site22.com,Maria+1995
Masha:1995,mbelova,site23.com,Masha:1995
Maria/1995,mbelova,site24.com,Maria/1995
Maria\\1995,mbelova,site25.com,Maria\\1995
Masha_95,mbelova,site26.com,Masha_95
MariaB95,mbelova,site27.com,MariaB95
Belova1995!,mbelova,site28.com,Belova1995!
MariaB!95,mbelova,site29.com,MariaB!95
Maria!95,mbelova,site30.com,Maria!95
Maria_Belova1995,mbelova,site31.com,Maria_Belova1995
Maria_Belova!1995,mbelova,site32.com,Maria_Belova!1995
Maria.Belova!95,mbelova,site33.com,Maria.Belova!95
Maria-Belova-1995,mbelova,site34.com,Maria-Belova-1995
Maria-Belova!1995,mbelova,site35.com,Maria-Belova!1995
Maria_Belova#1995,mbelova,site36.com,Maria_Belova#1995
MariaBelova#1995,mbelova,site37.com,MariaBelova#1995
Maria_Belova@1995,mbelova,site38.com,Maria_Belova@1995
Maria_Belova$1995,mbelova,site39.com,Maria_Belova$1995
MariaB@1995,mbelova,site40.com,MariaB@1995
Maria_Belova,mbelova,site41.com,Maria_Belova
Maria.Belova,mbelova,site42.com,Maria.Belova
Maria_Belova_,mbelova,site43.com,Maria_Belova_
MBelova_,mbelova,site44.com,MBelova_
MBelova__,mbelova,site45.com,MBelova__
Maria_95,mbelova,site46.com,Maria_95
Maria__1995,mbelova,site47.com,Maria__1995
Maria__Belova,mbelova,site48.com,Maria__Belova
Maria-95,mbelova,site49.com,Maria-95
Maria-Belova,mbelova,site50.com,Maria-Belova
MariaBelova95,mbelova,site51.com,MariaBelova95
MariaBelova1995,mbelova,site52.com,MariaBelova1995
MBelova1995,mbelova,site53.com,MBelova1995
MBelova_1995,mbelova,site54.com,MBelova_1995
MashaBelova1995,mbelova,site55.com,MashaBelova1995
MariaB_1995,mbelova,site56.com,MariaB_1995
Masha_1995,mbelova,site57.com,Masha_1995
Masha_95,mbelova,site58.com,Masha_95
Belova95,mbelova,site59.com,Belova95
Belova_95,mbelova,site60.com,Belova_95
Belova_1995,mbelova,site61.com,Belova_1995
Belova1995,mbelova,site62.com,Belova1995
Maria!,mbelova,site63.com,Maria!
Maria1995!,mbelova,site64.com,Maria1995!
Maria*1995,mbelova,site65.com,Maria*1995
Maria#1995,mbelova,site66.com,Maria#1995
Maria$1995,mbelova,site67.com,Maria$1995
Maria@1995,mbelova,site68.com,Maria@1995
Maria%1995,mbelova,site69.com,Maria%1995
Maria^1995,mbelova,site70.com,Maria^1995
Maria&1995,mbelova,site71.com,Maria&1995
Maria(1995),mbelova,site72.com,Maria(1995)
Maria1995#,mbelova,site73.com,Maria1995#
Maria1995$,mbelova,site74.com,Maria1995$
Maria1995@,mbelova,site75.com,Maria1995@
Maria1995%,mbelova,site76.com,Maria1995%
Maria1995^,mbelova,site77.com,Maria1995^
Maria1995&,mbelova,site78.com,Maria1995&
Maria1995*,mbelova,site79.com,Maria1995*
Maria1995(,mbelova,site80.com,Maria1995(
Maria1995),mbelova,site81.com,Maria1995)
MariaBelova!,mbelova,site82.com,MariaBelova!
MariaBelova#,mbelova,site83.com,MariaBelova#
MariaBelova$,mbelova,site84.com,MariaBelova$
MariaBelova@,mbelova,site85.com,MariaBelova@
MariaBelova%,mbelova,site86.com,MariaBelova%
MariaBelova^,mbelova,site87.com,MariaBelova^
MariaBelova&,mbelova,site88.com,MariaBelova&
MariaBelova*,mbelova,site89.com,MariaBelova*
MariaBelova(,mbelova,site90.com,MariaBelova(
MariaBelova),mbelova,site91.com,MariaBelova)
MariaB_95,mbelova,site92.com,MariaB_95
Masha.Belova,mbelova,site93.com,Masha.Belova
MariaB1995_,mbelova,site94.com,MariaB1995_
Maria.Belova1995,mbelova,site95.com,Maria.Belova1995
Maria.Belova_1995,mbelova,site96.com,Maria.Belova_1995
MashaB_1995,mbelova,site97.com,MashaB_1995
Masha.Belova1995,mbelova,site98.com,Masha.Belova1995
Masha.Belova_1995,mbelova,site99.com,Masha.Belova_1995
Maria-Belova,mbelova,site100.com,Maria-Belova